index;span;кем был брат Данилы Багрова_sentence-transformers/paraphrase-multilingual-mpnet-base-v2_simularity;кем был брат Данилы Багрова_sentence-transformers/paraphrase-multilingual-MiniLM-L12-v2_simularity;кем был брат Данилы Багрова_sentence-transformers/distiluse-base-multilingual-cased-v2_simularity;кем был брат Данилы Багрова_cointegrated/rubert-tiny_simularity;где дом с квартирой его брата_sentence-transformers/paraphrase-multilingual-mpnet-base-v2_simularity;где дом с квартирой его брата_sentence-transformers/paraphrase-multilingual-MiniLM-L12-v2_simularity;где дом с квартирой его брата_sentence-transformers/distiluse-base-multilingual-cased-v2_simularity;где дом с квартирой его брата_cointegrated/rubert-tiny_simularity;расскажи про дворцы_sentence-transformers/paraphrase-multilingual-mpnet-base-v2_simularity;расскажи про дворцы_sentence-transformers/paraphrase-multilingual-MiniLM-L12-v2_simularity;расскажи про дворцы_sentence-transformers/distiluse-base-multilingual-cased-v2_simularity;расскажи про дворцы_cointegrated/rubert-tiny_simularity;расскажи про Спас на Крови_sentence-transformers/paraphrase-multilingual-mpnet-base-v2_simularity;расскажи про Спас на Крови_sentence-transformers/paraphrase-multilingual-MiniLM-L12-v2_simularity;расскажи про Спас на Крови_sentence-transformers/distiluse-base-multilingual-cased-v2_simularity;расскажи про Спас на Крови_cointegrated/rubert-tiny_simularity;подскажи место для отдыха не природе_sentence-transformers/paraphrase-multilingual-mpnet-base-v2_simularity;подскажи место для отдыха не природе_sentence-transformers/paraphrase-multilingual-MiniLM-L12-v2_simularity;подскажи место для отдыха не природе_sentence-transformers/distiluse-base-multilingual-cased-v2_simularity;подскажи место для отдыха не природе_cointegrated/rubert-tiny_simularity
0;"Вуокса — второй по величине приток Ладожского озера, крупнейшая на Карельском перешейке река с многочисленными рукавами, озёрами, порогами и искусственными каналами. Байдарочники и рыбаки, как правило, стартуют в посёлке Лосево, здесь же находится центр рафтинга и активного отдыха «Вуокса-парк».
Наблюдение за тем, как байдарочники сражаются с быстрыми и крутыми порогами, — любимое занятие обитателей окрестных баз отдых.
На базе можно жить в вигваме или домике с видом на озеро, на территории есть баня и кафе. Каяки, сапы и даже индейские каноэ выдают напрокат. Инструкторы учат управлять рафтами и байдарками и организуют походы разных уровней сложности — от одного до трёх дней.
Посёлок Лосево";0.2250168683618555;0.09436908308100556;-0.05454175998651417;0.41517264;0.19982981921422252;0.06437080156913541;-0.08365287571174591;0.41067255;0.4103227378973888;0.21791901788515874;-0.05505468668025641;0.30276197;0.2674200315141611;0.23283624039298959;-0.058926832100788744;0.34874558;0.5025885043378714;0.45632314289470227;0.09562654536595108;0.47163337
1;"Павловск Екатерина II подарила своему сыну Павлу на рождение у него первенца, будущего Александра I, в 1777 году. Атмосферу во дворце создала жена Павла I, вюртембергская принцесса София Доротея, в замужестве Мария Фёдоровна. Императрица родила 10 детей, из которых двое стали самодержцами. Она занималась детьми (по крайней мере теми, которых не забрала к себе Екатерина II), вышивала и рисовала, ухаживала за садом, музицировала, чинила часы и даже работала на токарном станке. Мария Фёдоровна делала из янтаря и слоновой кости камеи, безделушки для дома, чернильницы — всё это можно увидеть в экспозиции. Особенное место в коллекции занимает туалетный прибор Севрской фарфоровой мануфактуры. Его Павел первый с супругой получили в подарок от королевы Франции Марии Антуанетты во время путешествия по Европе.
Павловск, Садовая улица, 20
Ольга Набокова
гид по Петербургу";0.3947367833579653;0.34805598799122983;0.044694226101217295;0.52544886;0.23060117902923685;0.15788917354028925;0.021405992154911735;0.45956218;0.34572170361865;0.390579601931176;0.09979899191059236;0.25058958;0.22303969316079877;0.1345138470016071;-0.07220652185490736;0.28924388;0.12289741411745775;0.01559710450577288;-0.025152354943235478;0.2893909
2;"Павловск, Садовая улица, 20
Ольга Набокова
гид по Петербургу
На изящный Павловский дворец нужно взглянуть и сзади: там за колоннами воссозданы росписи-обманки итальянца Пьетро Гонзаго. Прекрасные галереи с вазами и статуями завлекают вглубь дворца… Присмотришься — а они нарисованные.";0.4804010438629255;0.2851532167611291;-0.05818248963943848;0.47323465;0.2812773720363138;0.19769200442314458;-0.030233079107093924;0.44699585;0.5613327781914115;0.4873691347691219;0.2593769838819006;0.38513643;0.3336815888182118;0.2531244626298469;-0.04068285643521643;0.39258128;0.38181076447778617;0.2891202437500396;-0.03600289387538294;0.35537112
3;"На месте, где стоит храм Вознесения Христова на Крови, в народе — Спас, было совершено седьмое покушение на Александра II. Бомба народовольца Игнатия Гриневицкого смертельно ранила царя, убила самого метальщика и положила конец прогрессивным реформам. Храм действующий, но главный интерес Спас на Крови представляет именно как произведение архитектурного и декоративного искусства. Внутри храма сохранена часть мостовой, на которой истекал кровью император.
Место, где пролилась монаршая кровь, огородили сразу после нападения. На следующий день городская дума обратилась к новому императору Александру III c предложением поставить здесь часовню. Царь согласился, но высказал пожелание, чтобы возвели храм. Сегодня снаружи этот участок набережной легко узнать по мозаичному распятию на стене по эскизу Васнецова. Внутри собора над булыжной мостовой поставили шатёр на столбах из яшмы.
Ради строительства Спаса на Крови пришлось несколько изменить русло";0.44369415739446116;0.2927160943221187;-0.015273397532695224;0.4943045;0.29535241449064065;0.2540195232803014;0.021896264948324248;0.43957493;0.5649322118419129;0.5238780906272344;0.12742776115757418;0.3165999;0.6370860512340163;0.4686066035821546;0.14580323202365222;0.35622376;0.36137594850305826;0.15849491778553612;0.0036344905530273325;0.35661623
4;"Ради строительства Спаса на Крови пришлось несколько изменить русло
Екатерининского канала. Собор возводили с использованием новейших технологий того времени, внутри его освещали 1689 электрических ламп. Снаружи стены украшают изразцы и мозаики с изображениями гербов всех губерний, областей и некоторых городов России. Венчают храм девять глав — позолоченных или покрытых эмалью.
Александр III настоял на том, чтобы у храма были черты ярославской архитектуры XVII века. В конкурсе победил совместный проект архитектора шотландского происхождения Альфреда Парланда и архимандрита Игнатия. Храм заложили в 1883 году, а освятили лишь через 24 года в присутствии Николая II — мозаичные работы задержали открытие почти на 10 лет.
Общая площадь мозаики в отделке храма — 7000 квадратных метров! Конкурс на работы выиграла мастерская Фроловых: Александр Фролов и два его сына — Александр и Владимир, чьи мозаики украшают станции московского метро «Маяковская», «Автозаводская» и «Новокузнецкая».";0.31569921096348225;0.18425914010242772;-0.046645412652088034;0.45193154;0.24502093761587104;0.16429674719899776;-0.007606686336162357;0.39787656;0.5240449493135949;0.4993384024810491;0.1419847741822722;0.28952518;0.4177036836977341;0.3007881220147339;0.04891936585955199;0.31329623;0.3604355348568492;0.1366637464034061;-0.04993404693412675;0.32102823
5;"Общая площадь мозаики в отделке храма — 7000 квадратных метров! Конкурс на работы выиграла мастерская Фроловых: Александр Фролов и два его сына — Александр и Владимир, чьи мозаики украшают станции московского метро «Маяковская», «Автозаводская» и «Новокузнецкая».
Над эскизами к мозаикам в храме трудились больше 30 художников, в том числе и звёзды того времени: Виктор Васнецов, Михаил Нестеров, Андрей Рябушкин, Василий Беляев и Николай Харламов.
Спас на Крови пробыл храмом 23 года. В 1930 году его закрыли, в блокаду в храме был морг, а в мирное время — склад театральных декораций. В 1971 году Спас на Крови стал музеем, а затем снова храмом. Основные реставрационные работы заняли 26 лет и продолжаются до сих пор.
Набережная канала Грибоедова, 2Б";0.4042071370434639;0.36476936497176154;0.057560292174433064;0.48325396;0.1306045438844835;0.12979583724531782;0.03362798043076907;0.43157104;0.30879052173500654;0.35430075000236944;0.0666890032340342;0.27601615;0.2242781775170371;0.2838762251727113;-0.03842808389631403;0.29441896;0.18532626101989938;0.15330699999593034;-0.04257353850273762;0.27598292
6;"17 мая 2017 года поклонники фильма ""Брат"" отметили 20-летгий юбилей выхода на экраны своего любимого фильма. Премьера Брата  состоялась в России 12 декабря 1997 года, мировая премьера — во Франции  17 мая 1997 года.  
Фильм сразу же обрёл огромную популярность и искреннюю любовь среди зрителей нашей страны и за рубежом, а также небывалое признание и высокую оценку со стороны специалистов, деятелей искусства, экспертных кинематографистки комиссий. Фильм был удостоен многих наград.  
""Брат"" получил Гран-при на Сочинском фестивале, специальный приз жюри и приз ФИПРЕССИ на международном фестивале в Турине  , такие же награды в Котбусе , Гран-при в Триесте. Картина заняла 23 место в списке 100 главных русских фильмов по версии журнала ""Афиша"".";0.3346379647165347;0.2875812927794501;0.051416124366093344;0.41136646;0.2674993707039451;0.1586974859362597;0.11084927655000101;0.27692506;0.21297247182540993;0.1966499568755025;-0.003320897515400094;0.18309666;0.20762208761682233;0.16581459769782111;-0.024542894770504076;0.24177316;0.03881881748109006;-0.007767286285730144;-0.007049532139926543;0.23858479
7;"""Брат"" получил Гран-при на Сочинском фестивале, специальный приз жюри и приз ФИПРЕССИ на международном фестивале в Турине  , такие же награды в Котбусе , Гран-при в Триесте. Картина заняла 23 место в списке 100 главных русских фильмов по версии журнала ""Афиша"".  
Сергей Бодров  , который сыграл в этом фильме главную роль, получил приз за лучшую мужскую роль на кинофестивале в Сочи и в Чикаго и премию ""Золотой Овен"". Для огромного количества отечественных и зарубежных зрителей  Данила Багров стал героем и идеалом. Музыкой к фильму послужили песни Nautilus Pompilius, которые любил слушать и сам актёр.  
Сегодня нет с нами Сергея Бодрова . Официально с 20 сентября 2002 года Сергея Сергеевича Бодрова считают пропавшим без вести вместе со съёмочной группой во время схода ледника Колка в Кармадонском ущелье , где проходили съёмки фильма ""Связной"". 18 мая 2013 года ушел из жизни режиссёр фильма Брат — Алексей Балабанов  .";0.47318970433528296;0.33788798146277016;0.09717555230475947;0.47051942;0.14965753330822534;-0.007124180847701772;0.056174222564633794;0.31554502;0.19876584773329123;0.126768650530352;-0.07686189238847005;0.19269088;0.17210713207827869;0.09951160816144773;-0.04060102015600753;0.2807989;0.04234088761631875;0.020215311008219775;-0.04553477369273303;0.24276847
8;"Объяснением большой народной любви к фильму послужила харизматичность режиссёра, актёров, сыгравших главные роли 2-х братьев, а также музыкальное сопровождение любимой группы самого главного актёра. Фильм ""Брат"" был настолько популярным, что вдохновило режиссера снять продолжение. Так появилась вторая часть культового фильма ""Брат"" — ""Брат 2"". Для нашего маршрута нам необходим первый фильм, так как он был снят в Санкт-Петербурге  и его главный герой Данила Багров из Приозёрска — города, который находится в Ленинградской области  .  
Экскурсия по местам съемок фильма ""Брат"". Кадр из фильма: главный герой около "" Медного всадника""  
  
Сюжет фильма ""Брат""";0.624945633178975;0.5171339395538859;0.25548239221907365;0.46794173;0.4107065120228113;0.22748769697916654;0.24424089425593132;0.33735383;0.31691356668585985;0.2663873684154588;0.005419039370619869;0.21708348;0.32462178424793403;0.27382705592857276;0.031166532391915122;0.28560844;0.12187178039101983;0.12362399472776675;-0.0516334754129939;0.26305696
9;"Экскурсия по местам съемок фильма ""Брат"". Кадр из фильма: главный герой около "" Медного всадника""  
  
Сюжет фильма ""Брат""  
Осенью в 1996 году ветеран Первой чеченской войны || Данила Багров возвращается в родной городок Приозерск . На улице он слышит песню, которая ему нравится. Своим появлением во время съёмок клипа группы "" Наутилус Помпилиус "" он срывают работу. После драки с охранником и членами съемочной группы Данила оказывается в отделении милиции. Его выпускают, но обещают поставить на учёт, если он не устроится на работу в течение недели.  
По просьбе матери Данила едет в Санкт-Петербург , где живёт его старший брат Виктор по прозвищу Татарин . И на улицах Северной столицы происходят главные сцены фильма. В Петербурге || Данила  спасает от рэкетира уличного торговца Гофмана — русского немца, который впоследствии становится ему хорошим другом. Около музыкального магазина Данила  знакомится с малолетней тусовщицей по прозвищу Кэт .";0.6916849953282564;0.617215199001346;0.28632408969009454;0.5017851;0.46759372502676183;0.28525637091624634;0.241854115888201;0.43254247;0.3950273368590191;0.24038713895536265;0.008193189675856746;0.27963704;0.3636200293257458;0.4450036696302566;0.052513569065906596;0.3542976;0.26623428364284735;0.1510216107326829;0.022216538762294125;0.30323985
10;"Неприятной новостью станет тот факт, что его брат Виктор , который выдавал себя за бизнесмена, на самом деле, киллер, известный как Татарин . В это время он получил заказ от криминального авторитета по прозвищу Круглый на убийство Чечена  — авторитета, захватившего рынок.  
Впоследствии Виктор  рассказывает Даниле  , будто Чечен  ""трясёт"" с него деньги, а рынок ему важен как ""часть дела"", и просит брата совершить убийство. За работу Виктор  обещает хорошо заплатить. Данила  успешно выполняет заказ на убийство Чечена  , но попадает в засаду, устроенную людьми Круглого  . В результате раненый Данила  с трудом уходит от погони, забравшись в грузовой трамвай. Вагоновожатая Света  помогает ему скрыться. Раненого Данилу  выхаживает Гофман  .";0.5987943121592588;0.5397734766854937;0.2748279545651554;0.5061237;0.37678004235026097;0.31055569133416494;0.20069797658615338;0.3944999;0.26434253993566836;0.3222017020683373;0.0460756977099284;0.22175537;0.2751867470694623;0.3194433042313495;0.09485889797458683;0.36015582;0.07635734985395534;-0.10210988542324108;-0.07559153771736545;0.28849962
11;"Оправившись, Данила  отправляется искать Свету  , чтобы отблагодарить её за спасение. Между ними завязываются отношения, несмотря на то, что у нее есть муж. Но тот постоянно её бьёт. Встретив мужа, Данила  прогоняет его из дома. Виктор  отдает обещанные деньги. Полученные деньги Данила  тратит на отдых с Кэт  : они танцуют в ночном клубе, затем на частной квартире курят марихуану и Данила  спорит о музыке с французом, принимая его за американца.  
Затем Виктор  просит Данилу  поучаствовать в ещё одной разборке, и он снова соглашается. Данила  встречается с двумя бандитами из банды Круглого  у гостиницы "" Прибалтийская "" на окраине Васильевского острова  . Далее тройка проникает в квартиру, где должен был остановиться некий бандит ""Макар"", задолжавший крупную сумму денег и скрывавшийся больше полугода. Взяв хозяина в заложники, они остаются ждать дружка, пошедшего за водкой в ларек у метро.";0.36298253308158734;0.3996888530490655;0.21370019656115513;0.51230913;0.36038244197897124;0.20145063464829266;0.1639589453771481;0.5070337;0.27078511483957146;0.22421677109172475;0.015484622263366605;0.32571268;0.2947542632700315;0.23114737986574702;0.06475343617831376;0.40201098;0.21146496612228644;0.005689503328866474;-0.032896361606889656;0.37570012
12;"В гостинице этажом выше компания из питерского андеграунда празднует чей-то день рождения, и один из гостей, режиссёр Степан  , ошибается этажом и попадает в квартиру, где находятся Данила  с бандитами. Бандиты тоже берут его в заложники. Багров  обещает, что его не тронут. Через некоторое время в квартиру стучится кумир Данилы  — Вячеслав Бутусов  , который также ошибся этажом.  
Багров  его узнаёт, что спасает музыканта. Данила  вслед за Бутусовым  поднимается на этаж выше, на день рождения. На рок-тусовке Багров видит много известных музыкантов. Возвратившись в номер с бандитами, Данила  обнаруживает труп хозяина. Бандиты собирались расправиться со Степаном  . Данила говорит, что сделает это сам, забирает пистолет Кольт М1911 у одного из бандитов и расстреливает всех своих сообщников. Трупы Данила  и Степан  прячут на Смоленском лютеранском кладбище  .";0.6447301022194964;0.5740963059186888;0.24622339892658276;0.5284828;0.47594191291262566;0.4134892747201579;0.20737503721023964;0.45827448;0.4298843090971543;0.28322362944025575;0.046212235156135116;0.31373078;0.340430077347266;0.3345173014450419;-0.03201426105046525;0.38546833;0.2786172456192553;0.08243970283353433;-0.04320406517204864;0.3572002
13;"После этого открывается охота на Данилу   . Круглый допрашивает Свету   , она даёт тому ложную информацию, за что он позже приказывает своим людям её изнасиловать. Бандит по кличке Крот   устраивает засаду на Данила   , и Багров   расправляется с Кротом   . Круглый берёт в заложники Татарина   в его же квартире, угрожая расправой в случае, если Виктор   не приведёт к ним Данилу   и не вернёт деньги.  
Данила   делает обрез из ружья, купленного у соседа-алкоголика, и придя в квартиру к Виктору   , расправляется с Круглым   и его людьми. Старший брат бьется в истерике: он боится, что Данила   убьёт его за подстроенную ловушку. Но Данила   успокаивает брата воспоминаниями о детстве и прощает его.";0.5667049759745427;0.52390012482111;0.24691361702370268;0.49401718;0.338024978869724;0.27578696503556194;0.16458614892279447;0.4733984;0.3466918482320012;0.25075853082171284;0.05821391570183677;0.26965165;0.3304744126912842;0.30836285609895947;0.09619915586459565;0.3813247;0.1591364079282031;-0.05014117759127015;-0.026169702567961504;0.3220257
14;"Данила   делает обрез из ружья, купленного у соседа-алкоголика, и придя в квартиру к Виктору   , расправляется с Круглым   и его людьми. Старший брат бьется в истерике: он боится, что Данила   убьёт его за подстроенную ловушку. Но Данила   успокаивает брата воспоминаниями о детстве и прощает его.  
Забрав денежную награду за убийства, Данила   приходит к Свете, чтобы взять её с собой. Он застаёт её с мужем, избивающим её из ревности. Данила   калечит его выстрелом в ногу. Света поражена этим и говорит, что не любит Данилу   , и требует уйти. Он уходит и встречается с Гофманом   , рассуждает с ним о влиянии большого города на людей. Затем он встречается с Кэт   в "" Макдоналдсе   "" и дарит ей несколько сотен долларов ""на концерт"". Попрощавшись со всеми, Данила   выходит на засыпанное снегом шоссе, где ловит попутку и уезжает в Москву   .  
Режиссёр Алексей Балабанов   и актёр Сергей Бодров   . Фильм ""Брат""  
  
Прогулка по местам съемок фильма";0.5050407124190384;0.4908787924014263;0.35730555010051146;0.52449447;0.4910146653944291;0.365575731359882;0.2506867864572929;0.49181354;0.281889796376915;0.2552301354618662;0.024345794054735366;0.2998957;0.32488231359600866;0.29597650670263953;0.10565865435298384;0.3906991;0.15510845276029914;-0.07696241568215778;-0.09120337555217382;0.31660324
15;"Режиссёр Алексей Балабанов   и актёр Сергей Бодров   . Фильм ""Брат""  
  
Прогулка по местам съемок фильма  
Первый фильм ""Брат"" снимался в городе на Неве   в октябре — декабре 1997 году. Для съемок фильма были выбраны разные известные и отдалённые места в Петербурге   . Если вы — большой поклонник фильма, и хотите воочию увидеть места действия Брата   , то вы можете пройтись по маршруту, который мы вам предлагаем.";0.5376850253871597;0.3522974274003068;0.16610092950054492;0.44314942;0.43557477054080823;0.314186956245182;0.17339993894452546;0.36263993;0.3788587640724994;0.14076278179694482;-0.03450837238797959;0.2594033;0.24006403517640149;0.23015984634800435;-0.03595035791145332;0.32818776;0.33413571907283185;0.20342044915016277;-0.004773119442867068;0.2993559
16;"Вы можете посетить культовые места прогулок Данилы   , побывать у дома с квартирой его брата — Виктора Багрова   , а также во многих других, задействованных в кадрах этой легендарной киноленты. Для съемок неспроста был выбран Петербург   . Хмурый осенний город на  Неве    оказался наилучшей съёмочной площадкой для мрачного повествования, с убийствами и погонями по темным дворам, пессимистичного философствования и неприкаянного состояния души главного героя истории — Данилы Багрова   . Внутреннюю неприкаянность и поиск выхода усиливает музыкальное сопровождение — песни группы "" Наутилус Помпилиус "".  
Многие места съёмок ""Брата"" довольно узнаваемы. Давайте перенесёмся в прошлое, и как на счетчике отмотаем время на 20 лет назад, пройдёмся по тем самым местам, чтобы разглядеть в апгрейде зданий старые очертания переходной эпохи страны из постсоветских девяностых к новой России .";0.619693569493722;0.5525820428979415;0.2416135104201289;0.45929292;0.4766960882634171;0.30462331391098946;0.21167441930670458;0.4187824;0.529009575618376;0.410731538209711;0.09892557065308677;0.3033437;0.4545445558539852;0.40539873000267257;0.02985214577530646;0.33834285;0.4537927557464224;0.32519126098294615;0.009078934609782905;0.3629941
17;"Многие места съёмок ""Брата"" довольно узнаваемы. Давайте перенесёмся в прошлое, и как на счетчике отмотаем время на 20 лет назад, пройдёмся по тем самым местам, чтобы разглядеть в апгрейде зданий старые очертания переходной эпохи страны из постсоветских девяностых к новой России .  
Давайте вернёмся в то время и на улицы сломанных судеб героев фильма, где ещё живы Сергей Бодров   , а Алексей Балабанов   даёт ему свои ценные советы, где звучит русский рок, где будущее и в реальной жизни смутно…. Наконец, давайте посмотрим, как изменились эти петербургские места за 20 лет.  
Мы предлагаем 2 более-менее компактных маршрута по съемкам фильма в Санкт-Петербурге   без особой хронологии событий, а для удобства. В принципе, какая разница, в какой последовательности снимались те или иные места Северной столицы   , главное, их все увидеть, и сравнить с сегодняшними.";0.5564520239700955;0.4278791508405703;0.1109753711704214;0.3787646;0.4118899347369375;0.28564631223950593;0.16966740336458225;0.3667217;0.4315790446465703;0.3536117305884591;0.028295021321262444;0.29578832;0.33791604962388816;0.3764871501603655;0.04648369558889299;0.31663865;0.3481781751723992;0.1906519051361853;0.0038446442617971793;0.34989786
18;"Мы предлагаем 2 более-менее компактных маршрута по съемкам фильма в Санкт-Петербурге   без особой хронологии событий, а для удобства. В принципе, какая разница, в какой последовательности снимались те или иные места Северной столицы   , главное, их все увидеть, и сравнить с сегодняшними.  
Каждый маршрут займёт около 3-х часов времени, если вы желаете отправиться в пешую экскурсию. Можно их осуществить в 1 день, а можно растянуть удовольствие на 2 дня. Начнём 1-ый маршрут со станции метро "" Пушкинская   "". А в фильме Брат   Данила Багров   выходит из поезда на Витебском вокзале   .  
Граффити "" Сергей Бодров   "" около площади Александра Невского   на стене трансформаторной подстанции возле Александро-Невской лавры Маршрут № 1    
Витебский вокзал   , Загородный проспект   , 52 (A — 1)  
Аничков мост (B   — 2)  
Казанский собор   , Казанская пл.   , 2 (C — 3)  
Исаакиевский собор   , Исаакиевская пл.   , 4 (D — 4)  
Медный всадник, Адмиралтейская набережная (E   — 5)";0.25026687720542307;0.08573897852768611;-0.07848528124118241;0.40095088;0.19353054114164742;0.148414991460084;-0.0542726256308653;0.3666803;0.3312712890574488;0.12422549283728478;0.04908017780502109;0.29576534;0.15766629026838072;0.218656476558585;-0.0018548744547928738;0.3590979;0.3850101118115393;0.331386634906433;-0.017220903825353802;0.37836352
19;"Витебский вокзал   , Загородный проспект   , 52 (A — 1)  
Аничков мост (B   — 2)  
Казанский собор   , Казанская пл.   , 2 (C — 3)  
Исаакиевский собор   , Исаакиевская пл.   , 4 (D — 4)  
Медный всадник, Адмиралтейская набережная (E   — 5)  
Бугский переулок   (F — 6)  
Двор дома: Волховский переулок   — Тучков переулок   (G — 7)  
Смоленское кладбище (H — 8)  
Наличный мост (I — 9)  
Площадь Европы (J — 10)  
Карта маршрута № 1 (точки маршрута обозначены латинскими буквами)  
  
Маршрут № 2  
Дома на ул. Академика Павлова (A — 1)  
Доходный дом Г. Ф. Эйлерса   , ул. Рентгена   , 4 (B — 2)  
Памятник М. Горькому, Кронверкский проспект   (C — 3)  
Рок-магазин на Фурштатской улице   , Кирочная ул   , 8 (D — 4)  
Дом торгово-промышленного товарищества, ул. Марата   , 72 (E — 5)  
Сенной рынок   , Московский просп   ., 4; Сенная площадь   (F — 6)  
Эрмитажная пристань (G — 7)  
Карта маршрута № 2 (точки маршрута обозначены латинскими буквами)  
  
Описание маршрута № 1";0.3890797151384866;0.22200673345393573;-0.01126146234938053;0.39532402;0.21100897984985467;0.1701553999191449;0.021664511183025578;0.37416548;0.43438862328204547;0.3839607862395913;0.07929486297040765;0.30831996;0.23305120649975616;0.2718891925031081;-0.0034083283240266414;0.3311491;0.38258978030092794;0.22355583044446983;-0.007996942736557282;0.3300827
20;"Дом торгово-промышленного товарищества, ул. Марата   , 72 (E — 5)  
Сенной рынок   , Московский просп   ., 4; Сенная площадь   (F — 6)  
Эрмитажная пристань (G — 7)  
Карта маршрута № 2 (точки маршрута обозначены латинскими буквами)  
  
Описание маршрута № 1  
Начало основной сюжетной линии фильма — прибытие Данилы Багрова   в Петербург   . Приезжает он из Приозёрска   на поезде на Витебский вокзал   . Отсюда главный герой отправляется бродить по городу. Неторопливо идёт по  Аничкову мосту  . Вскоре оказывается около одного из главных символов города — на набережной канала Грибоедова   у  
Казанского собора    
, который находится на  
Казанской площади    
.  
В фильме герой идёт по тротуару  
набережной канала Грибоедова    
, сначала проверяет на прочность решётку, а затем смотрит на Казанский собор   . Однако дальше Данила   прогуливается по набережной реки Мойки   рядом с Музеем-квартирой А. С. Пушкина   и по Миллионной улице   , пересекая Зимнюю канавку близ  
Эрмитажа";0.5814889292391143;0.44518231998813285;0.00818562443496146;0.44065428;0.27337314760839004;0.2168953575929648;0.07816440788194726;0.41857487;0.4313483395530715;0.3284903090595054;0.016639642559184698;0.3250048;0.30072183651786705;0.3567282020505559;-0.029665674795805664;0.38457787;0.38003701451686;0.2203691065941542;-0.009861107087187565;0.37041596
21;"набережной канала Грибоедова    
, сначала проверяет на прочность решётку, а затем смотрит на Казанский собор   . Однако дальше Данила   прогуливается по набережной реки Мойки   рядом с Музеем-квартирой А. С. Пушкина   и по Миллионной улице   , пересекая Зимнюю канавку близ  
Эрмитажа    
. Эти 2 пункта не включены в маршрут, поскольку последний и так насыщенный и большой.  
По желанию можно с Казанской площади   несколько ""ответвиться"" от маршрута и пойти по адресу: набережная реки Мойки   , 12, что займёт у вас, в принципе, лишних 13 минут. Здесь находится Всероссийский музей  А. С. Пушкина. Потом, плюс 7 минут до набережной Зимней   канавки, чтобы постараться побольше пройти мест, которые прошёл герой в фильме 20-летней давности, и сравнить. Здесь произошли некоторые изменения, но всё узнаваемо.  
От Зимней   канавки тогда отправимся по нашему маршруту и через 15-16 минут окажемся как в фильме, где Данила   проходит мимо  
Исаакиевского собора    
. Он находится на";0.44799746600734996;0.3402051647900525;0.024680313882939828;0.4357793;0.270723144374559;0.2558303016274211;0.024127436760201862;0.42116866;0.41728325486571743;0.3366884850463388;0.02159298497885253;0.320731;0.2462305278923044;0.31615558246560566;-0.01454561471379994;0.388235;0.443869234377286;0.3161985342905124;-0.028148810781204677;0.38917375
22;"От Зимней   канавки тогда отправимся по нашему маршруту и через 15-16 минут окажемся как в фильме, где Данила   проходит мимо  
Исаакиевского собора    
. Он находится на  
Исаакиевской площади    
. Если вы ограничены во времени, то можно не делать альтернативный круг, описанный выше, а идти от Казанского собора   сразу к Исаакиевскому   , это 15-16 минут ходьбы.  
Затем Багров   , в растерянности и в размышлениях насчет того, куда пойти дальше, стоит около "" Медного всадника   "" на Адмиралтейской набережной   . Следуем его примеру, и по нашему маршруту подходим к  
памятнику Петру Великому   — ""Медный всадник""  
. Главный герой следует по Адмиралтейской набережной   . Садится на каменную лавку и курит, дрожа от холода, оказавшись у  
Троицкого моста    
. Данила   добирается до своего брата Виктора Багрова   . Не застав своего брата дома, он отправляется ночевать на чердак одной из парадных. Действия переносятся на  
Васильевский остров    
.";0.374634623155797;0.3156013838107608;0.01887361127258416;0.4993042;0.3293059902429935;0.31099591756741196;0.02980343809315592;0.4649056;0.506144812544419;0.4190740162735892;0.08209552250323808;0.3252685;0.4611666807713208;0.389103754997715;0.04648551103912759;0.39736518;0.5225793004731182;0.2325991224880486;0.028138066068693266;0.39963716
23;"Троицкого моста    
. Данила   добирается до своего брата Виктора Багрова   . Не застав своего брата дома, он отправляется ночевать на чердак одной из парадных. Действия переносятся на  
Васильевский остров    
.  
На следующий день на Андреевском   рынке на углу 6-й линии Васильевского Острова   и Бугского переулка   он знакомится с пожилым с Гофманом   — торговцем с рынка, и защищает последнего от рэкетира. Недавно этот рынок был отреставрирован, в результате чего появился торговый центр. До этого места в Бугском переулке   на Васильевском острове   от Адмиралтейской набережной   1 час пешком.";0.7192022627160077;0.5536656756579946;0.2916835821238507;0.56461453;0.5333788348725309;0.33731649746452086;0.22179506545514965;0.52209526;0.4032694434993064;0.35126055975697434;-0.025341914038924402;0.29640993;0.29821251980481606;0.3289730360346457;0.006081258147222129;0.4023962;0.38533536929228074;0.16437375311715474;0.0018180556612628078;0.39825973
24;"Дальше по нашему маршруту от Бугского переулка   до Волховского   14-15 минут ходьбы. По сюжету Виктор Багров   втягивает младшего брата в свои ""тёмные дела"". Данила   готовится к выполнению заказа Татарина   . Осмотрев место, ищет пути отступления в случае погони и заходит в случайный двор. Таковым   оказался у дома между Волховским   и Тучковым   переулками. Для героя он стал идеальным место. Особенно пригодилась выброшенная стиральная машина, в которой Данила   прячет свой ""маскарадный прикид"". Найти этот двор не составит особого труда, но, правда, изменения всё же произошли.";0.732418316040127;0.6454247384470532;0.29696317964291974;0.49899963;0.5277257427067439;0.42528679458924096;0.2348015832177896;0.4790917;0.365758381863511;0.3272210763773061;0.0310745995018417;0.30778462;0.3314366818590444;0.3983559745824911;0.045306332012159244;0.38061988;0.3529272335095477;0.15924499217225563;0.014586442376321443;0.39309192
25;"Затем отсюда доходим за 30 минут до Смоленского Лютеранского кладбища   . Торговец с Андреевского рынка   Гофман   оказывается бездомным Немцем   , который обитает на Смоленском лютеранском кладбище   . Здесь похоронены его предки. Для него это место — частица исторической родины. После знакомства Гофман   ведёт Данилу   к себе ""в гости"". В фильме зритель видит, как оба идут по аллее кладбища и в тот момент Данила   узнаёт, что он немец и его место жительства — склеп с беседкой. На вопрос Данилы   ""Ты куда меня привёл?"" Гофман   отвечает: ""Родина"". В склепе сидят и другие бездомные. Выпив с ними водки, и угостив их пирогом, который вёз брату, Данила   уходит.";0.5058741953905236;0.30387714216848155;0.1829340227802929;0.5415299;0.4129430470827077;0.3814892432475232;0.19882056430288567;0.49487454;0.4138444711515104;0.2806486879627237;0.07786221339107108;0.3231188;0.4728211207062803;0.28377481074316413;0.07401554624160067;0.42094904;0.3738793727710911;0.22066673003275086;0.01665919263521563;0.39023387
26;"За 20 лет на кладбище практически ничего не изменилось. Только та самая беседка пришла в более запущенный вид. Второй раз показывают в фильме кладбище, когда Данила   ехал на грузовом трамвае и, в итоге, он привёз его к Смоленскому кладбищу. Раненый, он выпрыгнул из трамвая и побрёл на кладбище — к Немцу   , который его выхаживал.  
Но первый раз при знакомстве Данилы   с местом жительства немца, главный герой садится с кладбища в трамвай, который идёт по Малому проспекту   . Тут двое кавказцев отказываются сначала оплачивать проезд, а затем и платить штраф, Данила   заставляет их сделать это, приставив к ним отнятый у рэкетира пистолет. В окнах трамвая видна часовня Благовещенской церкви   на Васильевском острове   , стоящая на углу Малого проспекта   и 8 линии. Очень знаковыми являются в фильме трамваи, которые связаны с этим кладбищем.";0.45064043615600813;0.3432019362508213;0.11733693576192548;0.46813363;0.3294330026532926;0.23254882755613182;0.0764592096005391;0.45526028;0.40557114801493765;0.2528613247807177;0.10560603430723443;0.3021916;0.44431405610849384;0.2671335596850237;0.08331802617201392;0.35693783;0.3303741363764493;0.2129362421782263;-0.05330097024371502;0.38114434
27;"А мы с кладбища отправляемся к Наличному мосту   , на покрытие расстояния в 1,6 км. потребуется 20 минут. Ближе к развязке фильма ""Брат"" места съемок повторяются. После перестрелки у гостиницы "" Прибалтийская   "" Данила   звонит брату из телефонной будки у Наличного моста   , что напротив станции метро "" Приморская   "". Телефонная будка стоит и сейчас на том же самом месте возле Наличного моста   , напротив метро "" Приморская   "", но уже более современная.  
Последней точкой нашего маршрута № 1 станет площадь Европы   . Здесь в фильме происходит встреча с бандитами — ""сразу за гостиницей "" Прибалтийская   "", на берегу Финского залива   . Зв   20 лет Васильевский остров   изменился, расширился в результате намыва территорий. Это отлично видно при сравнении кадра из фильма и современных фото.  
На этом закончил наш маршрут. Теперь можно отдохнуть. На Морской набережной   , 8 в 3-х минутах ходьбы есть рестобар "" БОЦМАНЪ   "". Здесь радуют гостей разнообразной кухней.";0.4069406042471548;0.15888013360631398;0.10445042007292285;0.4204973;0.4147155404962525;0.316040081439795;0.13189283124782825;0.39501742;0.45149319074391786;0.2184303459633356;0.10498329574108138;0.31375527;0.37028069513798095;0.337712590197616;0.07394623776691203;0.38412413;0.4745713864265581;0.2686750743951919;-0.05582634907497477;0.39287817
28;"На этом закончил наш маршрут. Теперь можно отдохнуть. На Морской набережной   , 8 в 3-х минутах ходьбы есть рестобар "" БОЦМАНЪ   "". Здесь радуют гостей разнообразной кухней.  
Карта маршрута № 1 (точки маршрута обозначены цифрами)  
  
Дополнительные места съемок  
Также некоторые эпизоды показаны в родном городе Данилы   , и съёмки реально проходили в Приозерске   . Клип снимали у стен крепости Корела   . Из милиции Данила   идёт по рыночной площади Приозерска   . В Санкт-Петербурге   по большей мере действия фильма разворачиваются на  
Васильевском острове    
. Первая встреча героев Бодрова   и Сухорукова   происходит в знаменитом  
"" Доме Адамини   ""  
, который расположен по адресу: Марсово поле   , 7.";0.3651586804032637;0.2680587978761457;0.030317418191665203;0.42715606;0.33194814011901946;0.2711875058603752;0.013266622758798639;0.39872956;0.48288023012527553;0.3159746709188922;0.04148662014441868;0.3216881;0.27052514317303006;0.44744754804283543;-0.04185760294533662;0.39004987;0.5628185620728253;0.4292003661656968;0.014505881585454386;0.4136844
29;"Васильевском острове    
. Первая встреча героев Бодрова   и Сухорукова   происходит в знаменитом  
"" Доме Адамини   ""  
, который расположен по адресу: Марсово поле   , 7.  
В кадрах появляется — Большая Разночинная улица   , недалеко от станции метро "" Чкаловская   "" во время погони, когда Данила   скрывается во двор, переодевается, затем бежит от бандитов в парадную, а оттуда выскакивает на улицу и запрыгивает в удачно проходивший в этот момент мимо грузовой трамвай.  
Но есть и нестыковки. Например, когда главный герой сразу с Сенного рынка   попадает во дворик на Васильевском острове   , а оттуда — на Петроградку   . Прямо телепортация. Но дворы и улицы выбирались из самых заурядных, поэтому они вполне воспринимаются как расположенные рядом.";0.5532997128216194;0.4199793293072475;0.1423974257047982;0.45726326;0.42466219550964196;0.2590000768382253;0.13953786814819738;0.44360745;0.46070187469059537;0.3871162380356173;-0.028415781985013662;0.33560568;0.3422990103297098;0.43670652865311316;0.007830111955919232;0.39104947;0.2991239654131637;0.1948937657590555;-0.0576654590914587;0.3945435
30;"Но есть и нестыковки. Например, когда главный герой сразу с Сенного рынка   попадает во дворик на Васильевском острове   , а оттуда — на Петроградку   . Прямо телепортация. Но дворы и улицы выбирались из самых заурядных, поэтому они вполне воспринимаются как расположенные рядом.  
Есть кадры, когда водительницу трамвая Свету   бандиты расспрашивают о её ""попутчике"", она в ответ выдаёт ложную информацию. Остановка трамвая происходит на 23 линии В. О. Трамвай едет по Косой   линии. И снова по 23-й, где бандиты покидают Свету   .  
Данила   выздоравливает и впервые выходит на улицу. На этом кадре — 8 линия В. О.   , где он заходит в парикмахерскую. В фильме потом он находит Свету   в трамвайном парке, который расположен на Среднем проспекте   .  
Есть эпизод, когда Данила   отправляется к Свете в гости и сообщает ей по телефону, что приготовил сюрприз. Телефонная будка находилась на Каменноостровском проспекте   . Когда Данила   переходит улицу, виден дом Бенуа   .";0.42350343949872654;0.21965844455251243;0.028122551613922426;0.45754683;0.31186775695354113;0.2375520735104213;0.050633578715022595;0.4611602;0.5264087576906328;0.3338344695594332;0.06434065990354519;0.34467995;0.40634170875943737;0.36374349506414844;0.04237133545025567;0.41073376;0.44764244970693284;0.2731296887804749;-0.07624601331478086;0.38272503
31;"Есть эпизод, когда Данила   отправляется к Свете в гости и сообщает ей по телефону, что приготовил сюрприз. Телефонная будка находилась на Каменноостровском проспекте   . Когда Данила   переходит улицу, виден дом Бенуа   .  
Ещё кадры. Грузовой трамвайчик едет по набережной, а затем по мосту Лейтенанта Шмидта   , сейчас это  
Благовещенский мост  
. Света в киноленте идёт с работы по  
Тучкову   мосту  
.  
В конце фильма, забрав причитающиеся деньги, Данила   прощается с братом, который слёзно просит у него прощения за предательство, прощается со Светой   , которая прогоняет его за то, что он ранил её мужа выстрелом в ногу, прощается и с Немцем   , сидя с ним на скамейке, смотрит на грузовой трамвайчик, проезжающий снова мимо Смоленского кладбища   , после чего ловит попутку на выезде из города и отправляется покорять Москву   .";0.5255708039048901;0.37484495050388433;0.14387722093144262;0.43727317;0.41201328107316115;0.2754880865357454;0.09912832314564167;0.45431966;0.4794932349747539;0.2244039543823112;0.021893848147274148;0.31359744;0.4216404103334534;0.3571692455213303;0.0043662076805518505;0.39990205;0.37262651869947844;0.11306191319992676;-0.05666616971874529;0.33199495
32;Хочется отметить, сегодня почти во всех из показанных в фильме мест уже не ходят трамваи, убрали скамейки, урны и т. д. И вообще улицы изменились, машин стало больше, тротуары уже выложены плиткой, город стал чище, — много изменений произошло. Но и напоминания остались, например, на некоторых кадрах можно даже увидеть одни и те же деревья, дома, дворы и др. Но, главное, энергетика этих мест будет тянуть к себе, пока жива память о фильме и его создателях.;0.15449037282793662;0.11084795799014692;-0.11321393941813714;0.3289192;0.2792451614101552;0.23566636518546688;-0.012606900625544587;0.33992213;0.44483736099076937;0.24185682135066314;0.04959384068476043;0.29267904;0.3576642152406969;0.2321743213804367;-0.028368414486159007;0.28303543;0.49581287950221575;0.33120969581321213;-0.02847187154570501;0.3814844
